gurgeous2, 55
zubkonst, 54
jf647, 26
chingor13, 23
destron, 20
Elffers, 16
NanoXD, 14
eulerhouse, 11
benlakey, 11
henrywho, 10
richardcook, 10
sfeldon, 9
zenspider, 8
philcrissman, 8
kushali, 6
brownmike, 5
Kaflurbaleen, 4
sealocal, 4
sprestage, 4
bionhart, 4
AtomicStapler, 3
edconn, 3
davidamarion, 3
phiggins, 2
stim371, 2
susanna, 1
itscaleb, 1
cbradbury, 0
bookis, 0
jumbo135, 0
kapy, 0
kejadlen, 0
corprew, 0
jakegavin, 0
kung_fu_mike, 0
richardjortega, 0
parndt, 0
philoserf, 0
Gringocl, 0
ElizabethU, 0
anyarms, 0
milesf, 0
