gurgeous2, 83
zubkonst, 80
jf647, 51
destron, 40
brownmike, 38
eulerhouse, 29
benlakey, 28
Elffers, 24
chingor13, 23
sprestage, 15
NanoXD, 14
sfeldon, 14
edconn, 13
henrywho, 11
kushali, 10
zenspider, 10
richardcook, 10
jakegavin, 9
philcrissman, 8
bionhart, 5
parndt, 4
sealocal, 4
Kaflurbaleen, 4
davidamarion, 3
jumbo135, 3
susanna, 3
AtomicStapler, 3
phiggins, 2
stim371, 2
itscaleb, 1
milesf, 0
kung_fu_mike, 0
kapy, 0
cbradbury, 0
kejadlen, 0
corprew, 0
richardjortega, 0
philoserf, 0
Gringocl, 0
ElizabethU, 0
anyarms, 0
bookis, 0
